File_name	Sample_name
1_t_0_1_GTCGTGAT-AAGGTTCA_L008merged001.fastq.gz.assembled.fastq	Rep1_t0_gate1
1_t_0_2_GTCGTGAT-ACTTAGCA_L008merged001.fastq.gz.assembled.fastq	Rep1_t0_gate2
1_t_0_3_TGCTGGGT-AAGGTTCA_L008merged001.fastq.gz.assembled.fastq	Rep1_t0_gate3
1_t_0_4_GTCGTGAT-GTGTCTTA_L008merged001.fastq.gz.assembled.fastq	Rep1_t0_gate4
1_t_1_1_ACCACTGT-AAGGTTCA_L008merged001.fastq.gz.assembled.fastq	Rep1_t1_gate1
1_t_1_2_ACCACTGT-ACTTAGCA_L008merged001.fastq.gz.assembled.fastq	Rep1_t1_gate2
1_t_1_3_TGGATCTG-AAGGTTCA_L008merged001.fastq.gz.assembled.fastq	Rep1_t1_gate3
1_t_1_4_TGGATCTG-ACTTAGCA_L008merged001.fastq.gz.assembled.fastq	Rep1_t1_gate4
1_express_pos_TGGATCTG-GGAACTTA_L008merged001.fastq.gz.assembled.fastq	Rep1_exp_pos
1_express_neg_TGGATCTG-TAGGTCTA_L008merged001.fastq.gz.assembled.fastq	Rep1_exp_neg
2_t_0_1_GTCGTGAT-TCGATTAG_L008merged001.fastq.gz.assembled.fastq	Rep2_t0_gate1
2_t_0_2_GTCGTGAT-TGTTCTAG_L008merged001.fastq.gz.assembled.fastq	Rep2_t0_gate2
2_t_0_3_GTCGTGAT-GGAACTTA_L008merged001.fastq.gz.assembled.fastq	Rep2_t0_gate3
2_t_0_4_GTCGTGAT-TAGGTCTA_L008merged001.fastq.gz.assembled.fastq	Rep2_t0_gate4
2_t_1_1_TGCTGGGT-ACTTAGCA_L008merged001.fastq.gz.assembled.fastq	Rep2_t1_gate1
2_t_1_2_TGGATCTG-GTGTCTTA_L008merged001.fastq.gz.assembled.fastq	Rep2_t1_gate2
2_t_1_3_TGGATCTG-TCGATTAG_L008merged001.fastq.gz.assembled.fastq	Rep2_t1_gate3
2_t_1_4_TGGATCTG-TGTTCTAG_L008merged001.fastq.gz.assembled.fastq	Rep2_t1_gate4
2_express_pos_CCGTTTGT-AAGGTTCA_L008merged001.fastq.gz.assembled.fastq	Rep2_exp_pos
2_express_neg_CCGTTTGT-ACTTAGCA_L008merged001.fastq.gz.assembled.fastq	Rep2_exp_neg
